number,company,to,subject,status,sent_message_id,sent_thread_id,sent_folder_verified
1,AiMi,vishnu.swaroop@aimi.technology,HN — Full Stack AI Engineer — Bilal Kazmi,sent,1a109c417af4f211,1a109c0ea657a8d7,True
6,This Dot Labs,jobs@thisdot.co,HN — Senior JavaScript / React Engineer — Bilal Kazmi,sent,1a109c49ec2fa6b2,1a109c169150f1e6,True
8,Catalyst·Wayfare AI,talent+hn@cwai.co,HN — AI Engineer / Agent Builder — Bilal Kazmi,sent,1a109c4cb68a5877,1a109c178dbdf6b1,True
9,Cardog,careers@cardog.app,"HN — Founding Engineer, Dealer Platform / Design Engineer — Bilal Kazmi",sent,1a109c4fca778c5e,1a109c18b09a77c0,True
10,Trackerbot,dobrev.d10@gmail.com,"HN — Full-Stack Developer, Node.js — Bilal Kazmi",sent,1a109c53069bf964,1a109c19a5eeb093,True
11,Namespace,hannah@namespacelabs.com,HN — Product Engineer / Customer-Facing Software Engineer — Bilal Kazmi,sent,1a109c56508128e1,1a109c1ab2be47e9,True
12,Sundream Studio,stefan@sundream.studio,HN — Software Engineer — Bilal Kazmi,sent,1a109c5d3732e308,1a109c215a47c7a5,True
13,Quill,rishi@quill.co,HN — Fullstack Software Engineer — Bilal Kazmi,sent,1a109c60339b0c88,1a109c2279614e10,True
14,Descartes — Finale Inventory,jforbes@descartes.com,HN — Senior Software Engineer — Bilal Kazmi,sent,1a109c635aec7a45,1a109c2366678c79,True
15,Starbridge,recruiting@starbridge.ai,HN — Senior Product Engineer — Bilal Kazmi,sent,1a109c66b154e65a,1a109c248c86e70a,True
17,Search Atlas,joao.pedro@searchatlas.com,HN — React/Next.js + AI engineer — suitable opening?,sent,1a109c6ce3a10e44,1a109c25b63d9a31,True
28,Puma.tech,careers+hn@puma.tech,HN — AI/ML Engineering — application and inference focus — Bilal Kazmi,sent,1a109c6ffe86adda,1a109c2cbae879fb,True
29,Inferra,sasan@inferra.ai,HN — Applied AI Engineering — Bilal Kazmi,sent,1a109c730e1cb719,1a109c2dbee5f491,True
40,BOSS-IQ,ahmet@boss-iq.com,HN — CTO Partner — Bilal Kazmi,sent,1a109c7635916fa4,1a109c2eddb5a130,True
44,Charly,info@zaitgeist.com,HN — AI Systems Engineer — Bilal Kazmi,sent,1a109c7ca3ee0e48,1a109c2fc43db0b4,True
47,Uncountable,jason@uncountable.com,HN — Full-Stack Engineer — Bilal Kazmi,sent,1a109c80daa0417f,1a109c30d51b431f,True
49,Fazeshift,chris.zehner@fazeshift.com,HN — Senior Software Engineer — Bilal Kazmi,sent,1a109c841a48770f,1a109c31c33f2922,True
